Representante, Aceptar?
facilidad comunicación,SI
cliente servidor,SI
analítica investigación trabajo,SI
supervisor,SI
duración,SI
postgresql,SI
120 países,SI
integrado,SI
conforme,SI
diariamente,SI
mejorar,SI
auditoría sistemas,SI
algún,SI
elaboración diseños,SI
mantenimiento sistemas,SI
tener conocimiento,SI
comisiones,SI
bpm,SI
prácticas pre profesionales,SI
sd,SI
importante,SI
periódica,SI
incluye,SI
funcionales técnicas,SI
gestión requerimientos,SI
manager aspectos,SI
frameworks,SI
capacidad trabajo,SI
demanda,SI
mejores oportunidades,SI
desempeñando,SI
practicante programador,SI
equivalente,SI
it,SI
account,SI
sistema gestión seguridad,SI
comercio,SI
coordina,SI
vb,SI
sistemas control,SI
tareas asignadas,SI
integral,SI
security,SI
efectiva,SI
realiza,SI
participar desarrollo,SI
usuarios realizar documentación,SI
implementar mantener varios,SI
desarrollo profesional,SI
idiomas,SI
server conocimientos,SI
años realizando funciones,SI
transporte,SI
tiempo completo,SI
componentes sistema,SI
conocimiento herramientas,SI
net,SI
asignar,SI
accenture podrás,SI
compra,SI
clientes realizar,SI
documentos técnicos,SI
performance,SI
mínima 01,SI
turnos,SI
puntos,SI
especializado,SI
probar,SI
trabajo ciclo vida,SI
candidato,SI
participar elaboración,SI
protocolos,SI
manera,SI
proactiva,SI
datos realizar,SI
datamart,SI
asociadas,SI
frontend,SI
asimismo,SI
proyectos software,SI
años ingeniero,SI
funciones,SI
afín,SI
inteligencia,SI
avanzado base,SI
estimaciones,SI
control calidad,SI
plan estratégico,SI
notas,SI
estimación,SI
actualizado,SI
proponer,SI
país,SI
objetivos,SI
inteligencia negocios,SI
críticos,SI
industrial,SI
deseable haber,SI
software base,SI
analista soporte,SI
bancarias,SI
principales,SI
terceros,SI
ser parte empresa,SI
funcional técnico,SI
soluciones informáticas,SI
información base datos,SI
preferencia sector,SI
orientadas búsqueda soluciones,SI
capacidad analítica,SI
gran,SI
consultora,SI
analítica contexto resolución,SI
investigar,SI
procesos sistemas,SI
link,SI
cumplimiento estándares,SI
sitios,SI
identificar necesidades,SI
ingeniería industrial,SI
rubro industrial,SI
redes sociales,SI
sqlserver,SI
diseñar,SI
presencial,SI
controles,SI
profesionales 120 países,SI
procesos empresa,SI
am,SI
base datos excel,SI
todas,SI
experiencia general,SI
automatización reportes,SI
básico,SI
definido,SI
prueba,SI
correspondientes,SI
almacenamiento,SI
apoyar actividades,SI
formar,SI
operativo,SI
sw,SI
caso,SI
relacionada,SI
proyectos análisis,SI
preparar,SI
trabaja,SI
asignado,SI
practicante desarrollo,SI
acuerdo metodología,SI
funciones asigne,SI
similares,SI
elaborando,SI
administración servidores,SI
primer día eps,SI
gestión comercial,SI
alto nivel,SI
diversos,SI
escalamiento,SI
privadas,SI
desarrollar mantener,SI
sistemas información,SI
entregables,SI
programación java,SI
intranet,SI
diagnóstico,SI
distintas,SI
maestría,SI
contribuir,SI
legal,SI
rendimiento,SI
planes contingencia,SI
practicante ingeniería,SI
iso 27001,SI
investigación trabajo,SI
específicamente consultoría,SI
programming,SI
scripting,SI
formación,SI
experiencia desarrollo aplicaciones,SI
diagramas,SI
así dentro,SI
empresas exitosas mundo,SI
final,SI
analista,SI
actividades soporte,SI
sido,SI
deseable experiencia,SI
usando,SI
san,SI
adelante,SI
ingeniería,SI
maquetación,SI
datawarehouse,SI
pruebas control,SI
cobranza,SI
técnicas,SI
configuración administración,SI
atender,SI
sdlc,SI
requerimientos negocio,SI
apoyo documentación,SI
application server,SI
iniciativa,SI
integration,SI
diarias,SI
completa,SI
tiempo,SI
ágiles,SI
realizando analisis,SI
profesional sistemas,SI
administración proyectos,SI
ser capaz,SI
php,SI
archivos,SI
prácticas pre,SI
cadena,SI
empresa franco,SI
supervisión,SI
agregado,SI
inmediato,SI
autocad,SI
conformidad,SI
proyecto,SI
elaboración documentos,SI
diseños técnicos,SI
corporativas,SI
proyectos pmi,SI
práctica,SI
posterior,SI
soporte técnico,SI
objects,SI
realizan,SI
clientes ayudarles,SI
coordinar cliente,SI
java mínimo,SI
desarrollo programación,SI
levantar,SI
empresas sector,SI
laboral,SI
procesamiento,SI
gestión proveedores,SI
funcionamiento,SI
oportunidades satisfacción,SI
pagos,SI
especificar,SI
accenture empresa global,SI
procesar,SI
acorde mercado,SI
applications,SI
266,SI
recepción,SI
is,SI
incidencias,SI
necesario,SI
directorio activo,SI
informática experiencia,SI
solutions,SI
grato ambiente,SI
asp,SI
países ingreso planilla,SI
ciencias,SI
operación,SI
elaboración documentación técnica,SI
tercio,SI
base,SI
requeridas,SI
preferible,SI
outsourcing,SI
basic net,SI
página web,SI
sr,SI
diversas,SI
backups,SI
documentación procesos,SI
tecnológica,SI
internacional,SI
desarrollo aplicativos,SI
últimos ciclos,SI
mobile,SI
knowledge,SI
proponer soluciones,SI
soporte mantenimiento,SI
ejemplo,SI
módulo,SI
baja,SI
point word,SI
vez,SI
proyectos bajo,SI
management servicios tecnología,SI
equipos llevando,SI
información,SI
agentes,SI
contar conocimientos,SI
brechas,SI
api,SI
soporte usuarios,SI
preventivos,SI
sql server,SI
enviar cv,SI
reglas,SI
usuarios realizar,SI
sede,SI
conocimiento inglés,SI
reclamos,SI
participar definición,SI
carreras,SI
soluciones,SI
metas,SI
datos excel,SI
descuentos,SI
word power,SI
soluciones técnicas,SI
plsql,SI
permanentemente,SI
importantes,SI
códigos,SI
sistemas producción,SI
profesional preferencia,SI
15,SI
parte empresa franco,SI
técnicamente,SI
componentes software,SI
interactuar,SI
usuarios internos,SI
video,SI
resultados compromiso,SI
potenciales,SI
cabo buena organización,SI
tic,SI
empresa global,SI
auxiliar,SI
realizar investigaciones orientadas,SI
universidad,SI
clave,SI
administrador base datos,SI
motor,SI
público privado,SI
centros,SI
realizar presentaciones,SI
lunes,SI
coordinación,SI
organización,SI
minorista,SI
coordinar área,SI
cara usuarios,SI
experience,SI
capacidad analítica investigación,SI
difusión,SI
elaborar actualizar,SI
experiencia puestos,SI
similar,SI
identificando,SI
especificaciones técnicas,SI
marcas,SI
podrás,SI
adaptación,SI
siguientes tecnologías,SI
abierto,SI
practicante sistemas,SI
así,SI
trabajar bajo presión,SI
preparación,SI
cartera,SI
contrato,SI
tickets,SI
buena organización delegando,SI
analista proyectos,SI
usuarias,SI
apoyar análisis,SI
profesionales ingeniería software,SI
fechas,SI
automatizar,SI
vb6,SI
experiencia,SI
idioma,SI
área desarrollo,SI
analizando,SI
generar documentación,SI
técnica,SI
conocimiento gestión proyectos,SI
tendencias,SI
financieros requiere área,SI
conocimientos experiencia,SI
ing,SI
asignados,SI
especificación,SI
equipos cómputo,SI
diplomado gestión,SI
complementarias,SI
evaluación riesgos,SI
especiales,SI
haber participado,SI
convertirse empresas alto,SI
ofrece empresa,SI
inventario equipos,SI
codificación,SI
superintendencia,SI
conocimientos programación,SI
procesos negocios,SI
marco,SI
banco seguros,SI
acciones,SI
modeling,SI
negocios,SI
operacional,SI
bi experiencia,SI
retos,SI
administrador base,SI
ui,SI
años puesto,SI
cambio,SI
transaccionales,SI
implementación seguimiento,SI
rest,SI
pre,SI
servicio,SI
mejoras,SI
requiere área,SI
persona,SI
servicios empresa,SI
preventivo,SI
objetivo,SI
4to,SI
actuales,SI
expectativas,SI
implementación erp,SI
sap business,SI
participar reuniones,SI
tales,SI
unidades,SI
actualmente,SI
pueda,SI
instalaciones,SI
alta capacidad,SI
académico,SI
trabajo ciclo,SI
equipo orientación,SI
bachiller,SI
disponibles,SI
análisis estadístico,SI
curso,SI
requerimientos diseño soluciones,SI
asignación,SI
hacer,SI
responsabilidades así,SI
temas,SI
seguridad información,SI
reportes indicadores,SI
costos,SI
establecido,SI
capacidad trabajar bajo,SI
busca,SI
encuentren,SI
web experiencia,SI
desarrollando aplicaciones,SI
avanzada,SI
pro,SI
configuración,SI
central,SI
labores,SI
tecnológicos,SI
estadística,SI
mantenimiento aplicativos,SI
trabajo bajo,SI
técnicos,SI
estándares calidad,SI
cuanto,SI
personal cargo,SI
investigación trabajo equipo,SI
área analista,SI
planes acción,SI
factibilidad,SI
gestión recursos,SI
años gestión,SI
conocimientos gestión,SI
inherentes,SI
número,SI
definición,SI
indicadores gestión,SI
abap,SI
financial,SI
corporativo,SI
información practicante,SI
tal,SI
verificar,SI
modulo,SI
gestionando proyectos,SI
ejecutando,SI
presencia,SI
herramientas automatización,SI
soporte sistemas,SI
desarrollo implementación reportar,SI
pcs,SI
aplicaciones,SI
1,SI
jefes,SI
calidad,SI
itil,SI
virtuales,SI
participación,SI
industrias,SI
programando,SI
dominio idioma,SI
desarrollos,SI
realizando,SI
30 horas,SI
experiencia laboral,SI
tablas dinámicas,SI
básico excel,SI
junto,SI
diagramación,SI
codificar,SI
matriz,SI
día eps cubierta,SI
programación visual,SI
intermedio disponibilidad,SI
reportar,SI
riesgos,SI
mismos,SI
solicitudes,SI
resultados,SI
ayuda,SI
incluyendo,SI
seo,SI
programacion,SI
2008,SI
existentes,SI
cara,SI
proyectos internos,SI
experiencia específica,SI
rubro banco seguros,SI
viernes,SI
titulado,SI
tableros control,SI
requiere,SI
ajustes,SI
informes avance,SI
consolidar,SI
procedures,SI
áreas involucradas,SI
mysql,SI
relevar,SI
línea carrera,SI
planear,SI
área comercial,SI
end,SI
elaboración manuales,SI
experiencia mínima,SI
apoyo elaboración,SI
crm,SI
encontramos,SI
net experiencia,SI
liderando equipos,SI
accenture clientes,SI
consultor sap,SI
consultoría management servicios,SI
mejor,SI
equivalentes,SI
aplicaciones accenture clientes,SI
data,SI
eficiencia,SI
proyectos conocimientos,SI
cursos,SI
permisos,SI
pm,SI
supervisar,SI
velando,SI
practicante soporte,SI
engineer,SI
efectividad,SI
realizado,SI
diseño programación,SI
proyectos infraestructura,SI
síntesis,SI
satisfacción cliente,SI
candidatos,SI
deseable especialización,SI
cumplan,SI
unidos,SI
proyectos tecnología información,SI
analizar información,SI
axcess financial empresa,SI
coordinar,SI
comités,SI
adjunto,SI
centro,SI
part,SI
administrativo,SI
estrategias,SI
nivel servicio,SI
inmediata,SI
based,SI
basadas,SI
usuario final,SI
fines,SI
ejecución,SI
practicante tecnología,SI
carrera distintas áreas,SI
clientes casi todas,SI
at,SI
empleados accenture,SI
participar activamente,SI
implementación aplicaciones,SI
sharepoint,SI
compañía,SI
realizar análisis,SI
planilla,SI
aprender nueva herramienta,SI
formularios,SI
sistemas conocimiento,SI
llevado,SI
lanzamiento,SI
visual basic,SI
necesarios,SI
experiencia análisis,SI
pc,SI
orientado,SI
información realizar,SI
configuración software,SI
conocimientos base,SI
mantenimiento aplicaciones,SI
directo,SI
lugar,SI
entorno,SI
levantar información requerimientos,SI
aplicando,SI
levantar información,SI
documentación proyectos,SI
áreas,SI
información procesos,SI
contratación,SI
viajes,SI
responsables,SI
aportar,SI
pago,SI
gerencia proyectos,SI
estimar,SI
eficacia,SI
cuatro,SI
temas relacionados,SI
acuerdo necesidades,SI
jboss,SI
solicitado,SI
comercial,SI
aplicativo,SI
vb manejo base,SI
carrera,SI
docentes,SI
banca,SI
mantenimientos,SI
contar años,SI
10g,SI
http,SI
especialmente,SI
pases,SI
html,SI
implementación sistema,SI
utilizados,SI
institucional,SI
oficina,SI
conocimientos lenguajes,SI
basic,SI
normas procedimientos,SI
java deseable,SI
nivel,SI
grandes,SI
experiencia liderando,SI
experiencia herramientas,SI
consolidación,SI
cartera clientes,SI
hardware,SI
cumplimiento objetivos,SI
organización comprometida,SI
sumarte,SI
analizar,SI
obtener,SI
inventarios,SI
errores,SI
controles seguridad,SI
desarrollo aplicaciones,SI
horarios,SI
inglés técnico,SI
capacidad trabajar,SI
deberán,SI
elaborar,SI
buscar,SI
proyectos requerimientos,SI
planificar ejecutar,SI
gestionando,SI
asesoría,SI
clara,SI
experiencia programación,SI
funciones negocios,SI
gestión riesgos,SI
nivel intermedio,SI
com,SI
respaldo,SI
institucionales,SI
años analista,SI
bi,SI
efectivas,SI
implementar,SI
comité,SI
continuidad negocio,SI
servicio cliente,SI
cada proyecto,SI
físicos,SI
unidad,SI
servidores,SI
proponer mejoras procesos,SI
proyecto implementación,SI
ingeniero software,SI
pruebas integrales,SI
testing,SI
brindando,SI
años gestionando,SI
requerimientos funcionales,SI
superior,SI
deberá,SI
virtualización,SI
grupo romero,SI
externas,SI
industrias importantes,SI
identificar oportunidades mejora,SI
practicante seguridad,SI
conocimientos metodología,SI
económicas,SI
server nivel,SI
industrial afines,SI
etc conocimiento,SI
plus,SI
generales,SI
impresoras,SI
criterios,SI
apps,SI
solicitados,SI
pmp,SI
contactos,SI
básica,SI
normativa,SI
cng,SI
monto,SI
project,SI
tecnología información,SI
pmo,SI
electrónica,SI
prestación,SI
concepto,SI
hp,SI
definiciones,SI
costo,SI
integración continua,SI
site,SI
interno,SI
años desarrollo,SI
ambiente,SI
siguientes funciones,SI
manejo indicadores,SI
sistema aplicaciones accenture,SI
proceso selección,SI
procesos negocio,SI
datos sistemas,SI
integración sistemas,SI
deseable certificación,SI
variables,SI
diseñar construir,SI
basada,SI
realizar levantamiento,SI
viendo,SI
development,SI
experiencia manejo,SI
puestos similares,SI
practicante gestión,SI
sap deseable,SI
programador sistemas,SI
kanban,SI
ayudar,SI
atender requerimientos,SI
best,SI
pases producción,SI
encargarse,SI
cinco,SI
avances herramienta,SI
clientes potenciales,SI
búsqueda soluciones tecnológicas,SI
06 meses,SI
remoto,SI
integrar,SI
profesional ingeniería,SI
último,SI
solución,SI
salariales,SI
ejecutivos,SI
seguimiento,SI
retail,SI
servidores web,SI
tiendas,SI
menor tres,SI
haber llevado,SI
inventario,SI
nueva herramienta programación,SI
gestión área,SI
regional,SI
sub,SI
proyectos consultoría,SI
indispensable,SI
macros excel,SI
outsourcing así dentro,SI
correo,SI
relacionado,SI
cobit,SI
analisis,SI
relevamiento,SI
aplicativos,SI
crecimiento soluciones,SI
liderazgo,SI
management servicios,SI
selección,SI
flujo,SI
elaboración indicadores,SI
debe ser,SI
cisa,SI
clasificación,SI
desarrollo mantenimiento,SI
avanzado sql,SI
consumo masivo,SI
proponiendo,SI
realizar documentación técnica,SI
analista seguridad,SI
soporte funcional,SI
desarrollar aplicaciones,SI
actitud,SI
alto desempeño,SI
rubro banco preferencia,SI
modalidad,SI
pre profesionales,SI
10 años,SI
propuestas técnicas,SI
sql experiencia,SI
reunión,SI
manejo office,SI
conjunto,SI
red,SI
datos,SI
rubro telecomunicaciones,SI
maneja,SI
calidad sistemas,SI
líderes,SI
informacion,SI
activamente,SI
plan trabajo,SI
programador senior,SI
calidad software,SI
periódicas,SI
certificación,SI
calificación,SI
llevar,SI
desafíos,SI
realizar,SI
seguridad perimetral,SI
mantenimiento soporte aplicativos,SI
personas,SI
requisito,SI
llamadas,SI
alcance,SI
vía,SI
internos,SI
afines conocimiento,SI
fuente,SI
apoyo,SI
plan pruebas,SI
masivo,SI
manejo excel,SI
varios,SI
aquellos,SI
design,SI
privado,SI
servicios tecnología outsourcing,SI
excluyente,SI
invitamos,SI
optimización,SI
metodologías desarrollo,SI
brindar apoyo,SI
callao,SI
exposición,SI
presupuesto,SI
contexto resolución problemas,SI
calidad entregables,SI
asesor,SI
mantener varios,SI
división,SI
cumplimiento políticas,SI
normativas,SI
viabilidad,SI
datos programación,SI
procesos operativos,SI
crystal,SI
estadísticas,SI
proyectos asignados,SI
evaluación,SI
net conocimiento,SI
respecto empresas,SI
usuarios finales,SI
integrados,SI
mínima años posiciones,SI
adecuada,SI
configurar,SI
elaborar especificaciones,SI
llevar control,SI
40,SI
análisis programación,SI
intermedio,SI
oportunidades negocio,SI
soluciones software,SI
javascript,SI
mínima años área,SI
certificado,SI
net visual,SI
gestión proyecto,SI
nivel usuario,SI
organización ofrece,SI
jefatura,SI
planillas,SI
digitales,SI
gerente,SI
calidad experiencia,SI
practicas,SI
qlikview,SI
toda,SI
interpersonales,SI
actividades relacionadas,SI
equipos llevando cabo,SI
remota,SI
venta,SI
presupuestos,SI
manejo base,SI
impacto,SI
compras,SI
plan,SI
buenas prácticas,SI
20,SI
asignadas,SI
capacitación constante,SI
internas,SI
2013,SI
manejo,SI
presupuestal,SI
aceptación,SI
ambientes,SI
hojas,SI
contingencia,SI
rediseño,SI
perú,SI
seguros,SI
ingeniería informática,SI
practicante inteligencia,SI
conjuntamente,SI
información requerimientos,SI
revisión,SI
desarrollado,SI
telefónica,SI
herramientas desarrollo,SI
desarrollo aplicaciones web,SI
confidencialidad,SI
trabajar entorno,SI
asignada,SI
instructivos,SI
carreras afines,SI
control proyectos,SI
capacidad trabajo equipo,SI
diseño implementación,SI
programador experiencia,SI
algoritmos,SI
redes datos,SI
reuniones,SI
soporte aplicativos,SI
información diferentes,SI
experiencia rubro banco,SI
respecto,SI
capacidad trabajar forma,SI
bajo responsabilidad,SI
electrónicos,SI
metodologías análisis,SI
mejoras sistemas,SI
planes,SI
presentación informes,SI
requiera,SI
sap,SI
dichos,SI
datos practicante,SI
buena,SI
detallado,SI
integración aplicaciones,SI
grato,SI
siguiente,SI
varios componentes,SI
plataforma tecnológica,SI
proyectos deseable,SI
solicitadas,SI
04 años,SI
correcto funcionamiento,SI
egresados,SI
120,SI
optimizar,SI
archivo,SI
client,SI
alguna,SI
información excel,SI
ofrece mayores desafíos,SI
romero,SI
coordinador,SI
junior,SI
módulos analista,SI
skills,SI
entity,SI
investigaciones orientadas,SI
participar proceso,SI
sedes,SI
tributaria,SI
responsabilidades así haciendo,SI
switches,SI
proveedor,SI
colabora clientes ayudarles,SI
minería datos,SI
cuadros,SI
acciones mejora,SI
atención requerimientos,SI
grupo cng,SI
día,SI
modelos,SI
dinámicas,SI
obtención,SI
in,SI
diferentes áreas,SI
publicación,SI
incomparable amplias capacidades,SI
deseos,SI
realizar documentación,SI
diseño aplicaciones,SI
potencial,SI
conocimiento metodologías,SI
asistencia,SI
trabajo,SI
almacenados,SI
planilla beneficios,SI
ciclo,SI
constancias,SI
desarrollo implementación,SI
planning,SI
menor,SI
sistemas web,SI
habilidad,SI
13,SI
asistente,SI
buen nivel comunicación,SI
equipo colaboración,SI
diseño procesos,SI
empresa participar,SI
motores,SI
trabajo equipo colaboración,SI
servidores aplicaciones,SI
agencias,SI
participación proyectos,SI
dentro funciones,SI
preventa,SI
lead,SI
ciclo vida prestación,SI
organizar,SI
sistema gestión calidad,SI
industria,SI
actividades,SI
intermedio deseable,SI
desempeñarse,SI
procedimientos almacenados,SI
métricas,SI
encargarse pequeños,SI
generen,SI
16 países,SI
utilizar,SI
pruebas unitarias,SI
análisis datos,SI
uso herramientas,SI
seguimiento gestión,SI
conocimiento desarrollo,SI
iniciativas,SI
asegurar calidad,SI
realizar análisis diseño,SI
objetos,SI
net sql,SI
haciendo seguimiento,SI
entidades públicas,SI
actual,SI
respectivos,SI
gestiona,SI
diseño orientado,SI
promoción,SI
programación sistemas,SI
scrum,SI
liderar proyectos,SI
entrenamiento,SI
empresa transnacional grupo,SI
valor,SI
sql nivel,SI
conocimiento,SI
tolerancia,SI
sistemas operativos,SI
nacional internacional,SI
internacionales,SI
cumplir,SI
demás,SI
software conocimientos,SI
mundial industria servicios,SI
proyectos área,SI
ambiente producción,SI
relaciones interpersonales,SI
planta,SI
isidro,SI
producto,SI
desarrollo web vb,SI
alternativas,SI
métodos,SI
parte,SI
sistemas deseable,SI
propuestas mejora,SI
llevando,SI
líneas productos soluciones,SI
administrativos,SI
programación pruebas,SI
logro objetivos,SI
similares conocimientos,SI
requerimientos sistemas,SI
10,SI
participando,SI
formulación,SI
recibir,SI
probar implementar mantener,SI
afines complementarias,SI
analistas,SI
nuevas soluciones,SI
ocupando,SI
manejo información,SI
sistema gestión,SI
complejidad,SI
implementación reportar avances,SI
egresado carreras,SI
metodología rup,SI
cisco,SI
transact,SI
contenidos,SI
búsqueda soluciones,SI
realizar investigaciones,SI
si,SI
intelligence,SI
mismas,SI
validación,SI
point nivel,SI
redacción,SI
valorará,SI
gastos,SI
largo,SI
banco,SI
instituciones,SI
política,SI
evolutivo,SI
practicar,SI
tecnología outsourcing colabora,SI
active,SI
ciclo vida,SI
suite,SI
respecto empresas exitosas,SI
materia,SI
dando,SI
120 países trabajar,SI
desarrollarse,SI
reporting,SI
requerida mercado,SI
open,SI
sql base,SI
microsoft net,SI
técnicos encargarse,SI
foundation,SI
manuales procedimientos,SI
negocios amplia,SI
modificar,SI
actualización,SI
promociones,SI
posición,SI
estratégicas,SI
herramientas,SI
permitan,SI
productos software,SI
software trabajo ciclo,SI
consumo,SI
experiencia mayor,SI
tareas,SI
implementación productos software,SI
interpretación,SI
of,SI
ofrecemos,SI
jefe sistemas,SI
junit,SI
responsable,SI
correctivas,SI
incidentes,SI
technology,SI
especialistas,SI
franco,SI
conducir,SI
manejo idioma inglés,SI
cumpliendo,SI
firma global,SI
implementar soluciones,SI
junior experiencia,SI
redes,SI
mejora continua,SI
studio,SI
buen nivel,SI
legales,SI
programas,SI
participar proyectos,SI
modelamiento base datos,SI
email,SI
causas,SI
back office,SI
conceptos,SI
manejo software,SI
experto,SI
revisiones,SI
móvil,SI
amplia investigación respecto,SI
contable,SI
support,SI
resolución problemas,SI
tecnologías información,SI
existente,SI
identificación oportunidades,SI
minima,SI
información experiencia mínima,SI
completo,SI
vulnerabilidades,SI
industrial ingeniería sistemas,SI
indispensables,SI
comunicación escrita,SI
oracle conocimiento,SI
básicas,SI
sistema sap,SI
encuentra,SI
niveles servicio,SI
mundial industria,SI
hacer seguimiento,SI
motivación,SI
créditos,SI
actualizar documentación,SI
google,SI
disponibilidad viajar,SI
operadores,SI
afecten,SI
remuneración,SI
system,SI
propuestas,SI
procesos procedimientos,SI
salarial,SI
entorno web,SI
operaciones,SI
process,SI
estudiantes,SI
soporte gestión,SI
envío,SI
preferencia empresas,SI
sistemas aplicaciones,SI
services,SI
mecanismos,SI
practicante planeamiento,SI
puesta marcha,SI
activa,SI
seis,SI
sector público,SI
participar,SI
mining,SI
estratégico,SI
situaciones,SI
reducir,SI
organización delegando,SI
regresión,SI
hacia,SI
sistemas experiencia,SI
herramientas análisis,SI
código fuente,SI
desarrolladas,SI
salud,SI
tecnología outsourcing así,SI
cobertura,SI
nuevos aplicativos,SI
integración continua pruebas,SI
trabajo lunes,SI
implementado,SI
nueva,SI
inglés,SI
12,SI
mínima años proyectos,SI
conocimiento sistema,SI
cálculo,SI
experiencia incomparable,SI
indique,SI
presenten,SI
crecimiento,SI
mínima 01 año,SI
beneficio,SI
presentadas,SI
casos uso,SI
usuarios,SI
nuevos clientes,SI
ofrecer,SI
presentar,SI
rotativos,SI
periódicos,SI
máximo,SI
productos empresa,SI
perfiles,SI
constante líneas,SI
modificaciones,SI
oracle experiencia,SI
implementación sistemas información,SI
seguir,SI
seguridad,SI
10g vb6 experiencia,SI
varios componentes sistema,SI
basado,SI
total,SI
específica,SI
conocimiento técnico,SI
seguimiento requerimientos,SI
presentados,SI
computadoras,SI
delegando responsabilidades así,SI
implementar sistemas,SI
bajo presión,SI
servicios,SI
requerimiento,SI
warehouse,SI
jira,SI
cliente account manager,SI
lógica,SI
directamente,SI
sistemas años,SI
atención usuarios,SI
forma creativa,SI
nuevas oportunidades,SI
posibilidad,SI
académicos,SI
inicio,SI
redes lan,SI
empresarial,SI
negocio específicamente,SI
gráficos,SI
trabajar clientes casi,SI
indispensable access,SI
inteligencia comercial,SI
cumplimiento,SI
consultor,SI
nuevos sistemas,SI
diseño gráfico,SI
customer,SI
funcional procesos,SI
áreas empresa,SI
funciones relacionadas,SI
digital,SI
detalle,SI
utilizando,SI
programación base datos,SI
plazos,SI
seguridad informática,SI
mba,SI
redes comunicaciones,SI
cv,SI
buenas,SI
centrales,SI
equipo,SI
desarrollador,SI
participa,SI
alertas,SI
desarrollo productos,SI
internas organización comprometida,SI
identificar,SI
exterior,SI
internos externos,SI
observaciones,SI
acceso,SI
elaborar documentos,SI
mejoramiento,SI
tener,SI
procesamiento información,SI
documentación proyecto,SI
características,SI
product,SI
comerciales,SI
involucradas,SI
información base,SI
as,SI
puesto,SI
ability,SI
mayores,SI
referidos,SI
recursos humanos,SI
periodo,SI
etc experiencia,SI
amplia,SI
procedimientos establecidos,SI
auditor,SI
propias,SI
cumpla,SI
informes,SI
convertirse empresas,SI
ibm,SI
linux,SI
cubierta,SI
empleados,SI
elaboración informes,SI
actividad,SI
visitas,SI
oportunamente,SI
vales,SI
programación web,SI
llevar cabo,SI
ccna,SI
colaboradores,SI
segmentos,SI
elaboración documentación,SI
creativa,SI
clientes internos,SI
mvc,SI
avanzado experiencia,SI
mismo,SI
información comunicaciones,SI
guías,SI
experiencia elaboración,SI
post,SI
calidad información,SI
sistemas erp,SI
políticas procedimientos,SI
requerimientos cliente,SI
elaborar plan,SI
logro,SI
gestión servicios,SI
analista procesos,SI
horario,SI
power point,SI
manejo base datos,SI
gerentes,SI
diferentes proyectos,SI
internas organización,SI
sistemas informáticos,SI
mundial,SI
soportar,SI
transnacional,SI
optimización procesos,SI
funcional,SI
directorio,SI
escritura,SI
capacitaciones,SI
encargados,SI
compromiso responsabilidad,SI
00pm,SI
lenguajes programación,SI
despliegue,SI
brindar,SI
optimizar procesos,SI
alguno,SI
realizando análisis,SI
necesidades cliente,SI
herramientas microsoft,SI
relación,SI
realizar actividades,SI
todas industrias importantes,SI
office excel,SI
ruby,SI
ejecutar proyectos,SI
orientada objetos,SI
economía,SI
inversiones,SI
fase,SI
frente,SI
realizando analisis requerimientos,SI
comprometida trabajo equipo,SI
entornos,SI
análisis funcional,SI
elaborar documentación,SI
analista control,SI
análisis indicadores,SI
proyectos tecnología,SI
levantamiento requerimientos,SI
presente,SI
clientes,SI
chorrillos,SI
eps cubierta,SI
desarrollo actividades,SI
one,SI
proyectos implementación,SI
diarios,SI
banco preferencia,SI
soluciones instaladas,SI
diario,SI
etc,SI
base datos experiencia,SI
coordinar cliente account,SI
documentación,SI
script,SI
iis,SI
actualizada documentación,SI
project management,SI
interesadas,SI
explotación información,SI
mantener,SI
herramienta programación requerida,SI
móviles,SI
mejorar procesos,SI
web,SI
necesidades negocio,SI
amplia experiencia,SI
orientadas,SI
full,SI
reports,SI
llevando cabo buena,SI
ofrece,SI
photoshop,SI
investigaciones orientadas búsqueda,SI
generación información,SI
incorporación,SI
gestionar proyectos,SI
material,SI
laboral planilla,SI
productos,SI
implementación nuevas,SI
reportados,SI
liderar,SI
aplicaciones web,SI
web vb,SI
proceso desarrollo,SI
agile,SI
fallas,SI
tecnología,SI
orientados,SI
países,SI
informes periódicos,SI
test,SI
servidores windows,SI
fuentes,SI
comunicación,SI
voz,SI
planificación ejecución,SI
interna,SI
especial,SI
registros,SI
websphere,SI
financieros requiere,SI
servicios web,SI
adaptabilidad,SI
horario oficina,SI
ideal,SI
horas,SI
siebel,SI
ingresos,SI
física,SI
lineamientos,SI
json,SI
reparación,SI
puesta,SI
project manager,SI
gestion,SI
prevención,SI
beneficios ley,SI
educativas,SI
transformación,SI
bases datos oracle,SI
comunicarse,SI
modelamiento procesos,SI
innovadoras,SI
ejecución procesos,SI
responsive,SI
desarrollo java,SI
fuentes información,SI
pase,SI
referente,SI
trabajar,SI
similares preferencia,SI
ejecución proyectos,SI
órdenes,SI
marcha,SI
nuevos,SI
buen,SI
lider,SI
ingeniería sistemas,SI
programación,SI
estratégica,SI
uml,SI
trabajar equipo,SI
niveles,SI
carrera ingeniería,SI
versión,SI
analista sistemas,SI
clima,SI
post venta,SI
permita,SI
transacciones,SI
procesos,SI
brindar soporte usuarios,SI
académica,SI
aspectos técnicos,SI
experiencia análisis diseño,SI
precios,SI
adecuado,SI
bizagi,SI
eventos,SI
función,SI
cronograma,SI
zona,SI
analizar diseñar,SI
perfil,SI
prácticas,SI
energía,SI
tomar,SI
organización ofrece mayores,SI
administración base,SI
enfoque,SI
creativa analítica contexto,SI
semana,SI
proyecto analista,SI
analisis requerimientos,SI
buscando,SI
necesaria,SI
funcional técnica,SI
productos soluciones,SI
correctivos,SI
analítica investigación,SI
experiencia área,SI
with,SI
cronograma actividades,SI
vida,SI
plataforma,SI
in similar,SI
interés formar,SI
experiencia puesto,SI
planeamiento,SI
mejores oportunidades satisfacción,SI
área sistemas,SI
ello,SI
manager,SI
mantenimiento,SI
estudios,SI
ley eps,SI
requeridos,SI
protección,SI
years,SI
vinculadas,SI
procesos proyectos,SI
diseño software,SI
media,SI
detalles,SI
implementación herramientas,SI
ms excel,SI
herramientas modelamiento,SI
emitir,SI
implementar proyectos,SI
profesionales ingeniería,SI
claves,SI
organizado,SI
idioma inglés,SI
sistemas afines,SI
encargado,SI
carrera ser,SI
conocimiento básico,SI
unidades negocio,SI
mercados,SI
builder,SI
reportes,SI
control gestión,SI
partes,SI
deseable,SI
corrección,SI
computación,SI
años desarrollando,SI
ssl,SI
especificaciones funcionales,SI
excelente,SI
líneas productos,SI
experiencia desarrollo,SI
implementación mantenimiento,SI
and,SI
canales,SI
información empresa,SI
entidad,SI
participacion,SI
11,SI
procesos organización,SI
entidades,SI
todas áreas,SI
analista gestión,SI
prestación servicios analizar,SI
spring,SI
manuales usuario,SI
implementación seguimiento proyectos,SI
pucp,SI
controlar,SI
experiencia trabajando,SI
datos sql,SI
sistemas existentes,SI
implementación servicios,SI
información experiencia,SI
alto desempeño accenture,SI
vigente,SI
labor,SI
requerimientos,SI
gestión proyectos,SI
institución,SI
proyección,SI
establecer,SI
consultores,SI
pequeños,SI
adecuadas,SI
metas proyectos,SI
bajo,SI
implementación mejoras,SI
manuales,SI
análisis información,SI
servicios financieros,SI
específicos,SI
modificación,SI
beneficios ley primer,SI
construyen carrera,SI
conectividad,SI
source,SI
experiencia profesional,SI
local,SI
diseños,SI
excel power,SI
conocimiento lenguaje,SI
mapeo procesos,SI
canalizar,SI
administración redes,SI
alta disponibilidad,SI
cómputo,SI
sector financiero,SI
desarrolladores,SI
todas industrias,SI
particular,SI
políticas normas,SI
estudio,SI
procesos desarrollo,SI
servicios analizar diseñar,SI
alto,SI
salida,SI
notación,SI
resolver,SI
dirección,SI
sla,SI
ms project,SI
conocimiento procesos,SI
telefónicas,SI
herramientas tecnológicas,SI
sbs,SI
ofimática nivel,SI
funcionales elaboración,SI
inicial,SI
problemas,SI
empresa global consultoría,SI
eclipse,SI
brindar soluciones,SI
segmentación,SI
años viendo,SI
definir,SI
puede,SI
learning,SI
for,SI
propios,SI
años experiencia,SI
tener experiencia,SI
asegurar disponibilidad,SI
manuales técnicos,SI
certificación itil,SI
acción,SI
desarrollo,SI
presentaciones,SI
facilitar,SI
automatizadas,SI
trabajar forma creativa,SI
capacidad análisis,SI
power,SI
vb manejo,SI
tipo,SI
avance proyecto,SI
corporativas internas,SI
aseguren,SI
lugar trabajo,SI
demás funciones,SI
interés aprender nueva,SI
interfaces,SI
conocimientos uml,SI
recuperación,SI
años programador,SI
diseño orientado objetos,SI
solucionar,SI
alumnos,SI
administrador,SI
desarrollo mantenimiento aplicaciones,SI
capacidades,SI
bd oracle,SI
realizar labores,SI
conocimiento redes,SI
realización pruebas,SI
cobranzas,SI
auditorías,SI
detectar,SI
deseable inglés,SI
requerimientos desarrollo,SI
backend,SI
mas,SI
fidelización,SI
etapas,SI
management,SI
net deseable,SI
ejecutar pruebas,SI
experiencias,SI
excelente comunicación,SI
públicas,SI
área tecnológica,SI
requerida,SI
pertenecer,SI
pruebas software,SI
entregar,SI
sólida,SI
definidos,SI
mercado laboral interés,SI
referencia,SI
competencias capacidad,SI
aplicación,SI
desarrollo sistemas,SI
años programación,SI
interés,SI
continua,SI
frameworks desarrollo,SI
áreas negocio,SI
dentro,SI
informático,SI
prestación servicios,SI
opcional,SI
franco crecimiento,SI
pe,SI
envergadura,SI
conocimientos informáticos,SI
lectura,SI
inmediato superior,SI
usuario,SI
outlook,SI
investigaciones,SI
virtual,SI
paquetes,SI
utilización,SI
git,SI
extracción,SI
definiendo,SI
laborales,SI
medios,SI
cableado,SI
negocio,SI
volúmenes,SI
bugs,SI
apoyo implementación,SI
ms,SI
bancarios,SI
consistencia,SI
datos mysql,SI
carrera distintas,SI
9001,SI
identificados,SI
capacidades todas industrias,SI
vida prestación servicios,SI
voip,SI
contacto,SI
dispositivos móviles,SI
to,SI
procesos excel,SI
ingreso planilla,SI
funcionales elaboración diseños,SI
datos deseable,SI
funcional experiencia,SI
continuidad,SI
convocatoria,SI
proveedores servicios,SI
mysql oracle,SI
generar,SI
estratégicos,SI
modelo datos,SI
reporting services,SI
diversos proyectos,SI
flexibilidad,SI
relacionados,SI
deseable excel,SI
generar reportes,SI
procesos experiencia,SI
comandos,SI
pruebas,SI
bachelor,SI
administración soporte,SI
plantear,SI
negocio analista,SI
pequeños equipos,SI
cara usuarios realizar,SI
laboral comprobada,SI
oracle deseable,SI
parte empresa,SI
aprobación,SI
outsourcing colabora,SI
efectuar,SI
ejecución proyecto,SI
interés aprender,SI
cobol,SI
segmento,SI
conocimientos básicos,SI
empresas grupo,SI
inglés intermedio,SI
casi todas,SI
procesos área,SI
desarrollo proyecto,SI
formular,SI
conexiones,SI
competencias,SI
oportuna,SI
escrita,SI
mínima años desarrollo,SI
documentos,SI
contar,SI
coordinar áreas,SI
alta capacidad análisis,SI
sub gerente,SI
experiencia diseño,SI
planes trabajo,SI
ofrece línea,SI
telecomunicaciones,SI
professional,SI
seguimiento módulos,SI
actividades realizadas,SI
valorará experiencia,SI
investigación,SI
2012,SI
registro,SI
estabilidad,SI
ágil,SI
previa,SI
enviar,SI
administración sistemas,SI
formatos,SI
office avanzado,SI
solicitar,SI
experiencia soporte,SI
aplicaciones base,SI
orientación resultados,SI
identificar oportunidades,SI
social,SI
páginas web,SI
consultoría,SI
socios,SI
seguimiento proyectos,SI
expectativa salarial,SI
acuerdo,SI
brindados,SI
manejar,SI
indicadores,SI
mayor años,SI
roles,SI
general,SI
actualizada,SI
store,SI
vba,SI
decisiones,SI
administrativa,SI
múltiples,SI
web services,SI
experiencia realizando,SI
especificaciones,SI
wan,SI
funciones corporativas,SI
front end,SI
mejores prácticas,SI
arquitectura software,SI
globales,SI
priorización,SI
casi todas industrias,SI
diseño técnico,SI
estrategia,SI
comunicaciones,SI
instrumentos,SI
gestión documental,SI
años áreas,SI
programadores,SI
cmmi,SI
encargarse pequeños equipos,SI
integridad,SI
laboral interés,SI
relevante,SI
mantener actualizada,SI
experiencia desarrollando,SI
metodología gestión,SI
brinda,SI
backup,SI
entidades financieras,SI
reportes seguimiento,SI
flujos,SI
comercial experiencia,SI
apoyo proyectos,SI
dispositivos,SI
analítica,SI
administrando,SI
sql,SI
cronogramas,SI
fijo,SI
óptimo,SI
contenido,SI
acuerdos,SI
lan,SI
interpretar,SI
reclutamiento,SI
línea,SI
entendimiento,SI
años proyectos,SI
buen funcionamiento,SI
datos oracle,SI
pueden,SI
desarrollo soluciones,SI
apis,SI
jóvenes,SI
seguimiento cumplimiento,SI
ofrece línea carrera,SI
copias,SI
área,SI
talento,SI
respuesta,SI
programación requerida mercado,SI
herramientas gestión,SI
cumplimiento metas,SI
vistas,SI
sitio,SI
experiencia trabajo,SI
identifica,SI
documental,SI
rubro,SI
así haciendo,SI
velar,SI
externa,SI
mínima años,SI
nuevos productos,SI
complejos,SI
coordinaciones,SI
ciclos,SI
manejando,SI
identificación,SI
iso,SI
fi,SI
promover,SI
realizar levantamiento información,SI
programar,SI
filtros,SI
post grado,SI
definida,SI
elaborar informes,SI
seleccionar,SI
ee,SI
reportar avances herramienta,SI
clima laboral,SI
continua procesos,SI
report,SI
proceso,SI
contexto resolución,SI
realizar seguimiento,SI
sumarte organización,SI
dinámico,SI
ser parte,SI
soporte,SI
comprometido,SI
recién,SI
global,SI
administrar,SI
global consultoría,SI
orientadas búsqueda,SI
correcto,SI
gestión incidentes,SI
así dentro funciones,SI
asunto,SI
operativa,SI
requiere área tecnológica,SI
subvención,SI
contar certificación,SI
información elaboración,SI
on,SI
diseño ejecución,SI
acciones correctivas,SI
participado,SI
años análisis,SI
casos,SI
puedan,SI
horario trabajo,SI
proyectos cargo,SI
real,SI
establecimiento,SI
elabora,SI
dos,SI
validar,SI
disponibilidad tiempo,SI
firma,SI
etapa,SI
proyectos sap,SI
mensuales,SI
disponibilidad trabajar,SI
enlaces,SI
investigación respecto empresas,SI
aplicaciones java,SI
sistema,SI
ii,SI
laboral mínima,SI
linux conocimiento,SI
haciendo seguimiento módulos,SI
experiencia requerida,SI
tráfico,SI
ley primer día,SI
puestos similares conocimientos,SI
mayor,SI
integración,SI
acerca,SI
mundo empleados,SI
cambios,SI
comercialización,SI
expectativa,SI
firewall,SI
informática afines,SI
nuevo,SI
docente,SI
responsible,SI
sistemas realizar,SI
nuevos procesos,SI
primer,SI
visio,SI
proyectos experiencia,SI
implementación nuevos,SI
modelamiento datos,SI
canal,SI
cargo,SI
oficinas,SI
marcos,SI
experiencia áreas,SI
hablado,SI
convertirse,SI
object,SI
unitarias integrales,SI
líneas,SI
banca seguros,SI
lenguaje sql,SI
cubrir,SI
preferencia conocimientos,SI
aprendizaje,SI
miembros,SI
core,SI
implantar,SI
experiencia gestión,SI
parte firma global,SI
reportar avances,SI
términos,SI
eps,SI
funciones corporativas internas,SI
establecidas,SI
herramientas gestión proyectos,SI
problema,SI
db2,SI
necesidad,SI
experiencia base,SI
resolución,SI
laborar,SI
plataformas,SI
funciones análisis,SI
uso,SI
adicionales,SI
6,SI
cas,SI
responder,SI
resultado,SI
funcionamiento sistemas,SI
mm,SI
dpto,SI
habilidades comunicación,SI
análisis desarrollo,SI
mesa ayuda,SI
sql programación,SI
necesidades,SI
data warehouse,SI
vocación,SI
dictado,SI
similares empresas,SI
exitosas,SI
siguiendo,SI
cargos,SI
comprobada,SI
diseños técnicos encargarse,SI
sueldo,SI
diferentes,SI
campañas,SI
gestiones,SI
gerencia,SI
sistema operativo,SI
27001,SI
delegando responsabilidades,SI
informática,SI
crear,SI
avanzados,SI
desarrollo pruebas,SI
disponibilidad laborar,SI
físico,SI
amplias capacidades todas,SI
0,SI
emisión,SI
capas,SI
universitaria,SI
web java,SI
networking,SI
mínima,SI
data center,SI
desempeñando funciones,SI
presión,SI
capacitación usuarios,SI
relevantes,SI
proyectos mejora,SI
conocimientos sistemas operativos,SI
consultoría management,SI
working,SI
science,SI
equipo capacidad trabajar,SI
desarrolla,SI
mediante,SI
informix,SI
soporte tecnológico,SI
broker,SI
estructura,SI
datos experiencia,SI
acorde,SI
control interno,SI
sql deseable,SI
trabajo equipo,SI
configuraciones,SI
escrito,SI
contexto,SI
ensamblaje,SI
proyectos sistemas,SI
únete,SI
experience in,SI
países trabajar clientes,SI
capacitar,SI
mantener actualizada documentación,SI
soa,SI
licencias,SI
jefe proyectos,SI
eficientemente,SI
operativos,SI
áreas sistemas,SI
afines experiencia,SI
gestión calidad,SI
área operaciones,SI
consultoría tecnología,SI
análisis sistemas,SI
qa,SI
desempeño,SI
año puestos similares,SI
últimos,SI
solucionar problemas,SI
coordinación áreas,SI
haber realizado,SI
lenguaje,SI
network,SI
deseables,SI
seguro,SI
colaboración,SI
prototipos,SI
java conocimiento,SI
afp,SI
horas semanales,SI
correos,SI
database,SI
trabajando,SI
cuales,SI
funcionalidades,SI
responsabilidad,SI
jefe proyecto,SI
visual basic conocimiento,SI
servicios tecnología,SI
lógico,SI
configuración equipos,SI
empresas,SI
estadístico,SI
basados,SI
dns,SI
corporación,SI
oracle nivel,SI
activos,SI
well,SI
contratos,SI
asignen,SI
asistir,SI
developer,SI
defectos,SI
gestión seguridad,SI
portales,SI
pruebas implementación,SI
comprender,SI
implementacion,SI
cuentas,SI
participar planificación,SI
automatización,SI
esfuerzo,SI
periódicamente,SI
medio,SI
desarrollo nuevas,SI
correspondiente,SI
tarjetas,SI
probar implementar,SI
administrativas,SI
seguimiento indicadores,SI
gestionar,SI
dashboards,SI
webs,SI
infraestructura tecnológica,SI
estudiante,SI
estándar,SI
haber trabajado,SI
certificación java,SI
automatización pruebas,SI
programación orientada,SI
metodologías ágiles,SI
información requerimientos cara,SI
instaladas,SI
páginas,SI
director,SI
sistemas gestión,SI
acuerdo especificaciones,SI
desarrollar soluciones,SI
atención,SI
proxy,SI
finales,SI
sistemas computación,SI
quality,SI
anual,SI
técnico,SI
activo,SI
nuevos requerimientos,SI
proveer,SI
capaz,SI
conocer,SI
financiera,SI
especialista,SI
búsqueda analista,SI
diseño sistemas,SI
asegurar correcto,SI
especificación requerimientos,SI
datos conocimiento,SI
conocimientos deseables,SI
través,SI
triggers,SI
tecnologías,SI
pública,SI
equipo capacidad,SI
necesidades clientes,SI
programación base,SI
herramienta,SI
nueva herramienta,SI
conocimientos administración,SI
humanos,SI
herramienta programación,SI
sodexo,SI
bachiller ingeniería,SI
realizando funciones,SI
compromisos,SI
afines,SI
administración base datos,SI
sunat,SI
puesta producción,SI
ejecutar,SI
egresado,SI
sólidos,SI
descripción,SI
generada,SI
grupo,SI
implementación,SI
compañías,SI
rol,SI
empresa,SI
experiencia administración,SI
outsourcing colabora clientes,SI
diversas áreas,SI
requerida mercado laboral,SI
ej,SI
administración,SI
dirigir,SI
empresa transnacional,SI
habilidades interpersonales,SI
análisis diseño sistemas,SI
primer día,SI
modelamiento base,SI
alcance proyecto,SI
project excel,SI
application,SI
avanzado,SI
clientes casi,SI
implementar mantener,SI
siguiente perfil,SI
reporte,SI
service,SI
programación apoyo pases,SI
cumple,SI
base datos,SI
desarrollador web,SI
campaña,SI
capacidad,SI
evaluar,SI
helpdesk,SI
casi,SI
avanzado manejo,SI
satisfacción,SI
2003,SI
funcional sistemas,SI
intermedios,SI
levantamiento,SI
causa,SI
2015,SI
planificación análisis,SI
organización comprometida trabajo,SI
telefonía,SI
tratamiento,SI
metodologías,SI
coordinar proveedores,SI
diseño arquitectura,SI
requieran,SI
electrónico,SI
servidor aplicaciones,SI
accenture,SI
empresas servicios,SI
grupos,SI
queries,SI
pedidos,SI
the,SI
semanales,SI
status,SI
éxito,SI
staff,SI
plazo,SI
conocimientos técnicos,SI
elaboración,SI
requerimientos diseño,SI
web vb manejo,SI
llevando cabo,SI
sap experiencia,SI
14,SI
issues,SI
internet,SI
realizadas,SI
hibernate,SI
contabilidad,SI
atención cliente,SI
access avanzado,SI
monitoreo,SI
certificaciones,SI
seguimiento errores,SI
adquiridos,SI
principalmente,SI
funciones negocios amplia,SI
diagrama,SI
análisis,SI
estadísticos,SI
trato,SI
actualizados,SI
entender,SI
viajar,SI
databases,SI
equipos desarrollo,SI
requerimientos solicitados,SI
datastage,SI
situación,SI
educación,SI
logísticos,SI
ejecutivo,SI
100,SI
practicante pre,SI
financiero,SI
aix,SI
cualquier,SI
años manejo,SI
coordinando,SI
requerimientos funcionales elaboración,SI
aplicaciones informáticas,SI
disponibilidad,SI
macros,SI
jee,SI
requerimientos usuarios,SI
sistema financiero,SI
jefe inmediato,SI
eficiente,SI
equipos,SI
gerencias,SI
storage,SI
similares excel,SI
funciones afines,SI
distribución,SI
público,SI
facebook,SI
años puestos,SI
calidad proyectos,SI
proyectos,SI
integrarse,SI
consultas,SI
facturación,SI
cliente interno,SI
sas,SI
relaciones,SI
oral,SI
prácticas desarrollo,SI
deseable contar,SI
realizando funciones similares,SI
30,SI
años funciones,SI
proponer mejoras,SI
ingenieria,SI
alcanzar,SI
soporte aplicaciones,SI
preferentemente,SI
título,SI
business intelligence,SI
marketing,SI
mensual,SI
tools,SI
spss,SI
preventivas,SI
impresión,SI
generación reportes,SI
años,SI
deben,SI
establecidos,SI
gestión procesos,SI
agiles,SI
empresa realizar,SI
revisar,SI
haber,SI
excel,SI
libre,SI
buena organización,SI
procesos actuales,SI
apoyo gestión,SI
ámbito,SI
java ee,SI
realizar reportes,SI
analista inteligencia,SI
involucrados,SI
ley primer,SI
equipamiento,SI
estudios especialización,SI
ambiente trabajo,SI
industria servicios,SI
2,SI
realizar mantenimiento,SI
android,SI
especialización,SI
desempeño accenture,SI
desarrollados,SI
participar implementación,SI
2005,SI
documentación sistemas,SI
java experiencia,SI
búsqueda profesional,SI
ideas,SI
corregir,SI
gusto,SI
gestores,SI
funcionales,SI
fuerza ventas,SI
erp,SI
delegando,SI
externos,SI
proyectos informáticos,SI
medición,SI
analista programador,SI
proyectos productos,SI
reportes gestión,SI
computer,SI
office,SI
base datos sql,SI
ciclo vida desarrollo,SI
operativas,SI
implementar mejoras,SI
documentar,SI
diaria,SI
industriales,SI
clientes externos,SI
equipo proyecto,SI
recolectar,SI
misión,SI
mejoras procesos,SI
up,SI
v3,SI
políticas seguridad,SI
portafolio,SI
aspectos,SI
server,SI
tecnológico,SI
000 profesionales,SI
titulados,SI
mínimo contar,SI
uso sistemas,SI
universitario,SI
jr,SI
elaboración reportes,SI
mando,SI
nivel nacional,SI
financieras,SI
menos,SI
búsqueda,SI
líder,SI
gestión información,SI
riesgo,SI
análisis código,SI
vigentes,SI
satisfacer,SI
python,SI
reporta,SI
comprensión,SI
competencia,SI
negocios amplia investigación,SI
servicios financieros requiere,SI
equipos informáticos,SI
parte equipo,SI
herramientas bi,SI
desarrollar,SI
levantamiento información,SI
realizados,SI
point intermedio,SI
accenture empresa,SI
integrales,SI
luego,SI
procesos ventas,SI
inglés nivel,SI
soluciones ofrece empresa,SI
analisis requerimientos diseño,SI
visión,SI
requiere experiencia,SI
adecuadamente,SI
kpi,SI
400,SI
información conocimientos,SI
servicios informáticos,SI
realización,SI
externo,SI
áreas negocio específicamente,SI
capacitación,SI
monitorear,SI
sistemas excel,SI
valores,SI
capacidades todas,SI
diseño soluciones,SI
misma,SI
proporcionar,SI
apoyo seguimiento,SI
corporativa,SI
permanente,SI
asociados,SI
diseño,SI
nuevas,SI
dar,SI
analista senior,SI
ms office,SI
sistemas operativos windows,SI
operatividad,SI
especialidad,SI
oportunidad,SI
funciones similares,SI
manejo nivel,SI
estándares,SI
datos access,SI
empresas alto desempeño,SI
tecnológicas,SI
high,SI
medidas,SI
construcción,SI
utilizando herramientas,SI
facilidad,SI
net mvc,SI
work,SI
practicante,SI
beneficios,SI
especializada,SI
soluciones negocio,SI
desarrollo sistemas información,SI
dirección proyectos,SI
implementación software,SI
windows,SI
center,SI
código,SI
ocupar,SI
ofimática,SI
seguimiento control,SI
programador,SI
xp,SI
proyectos excel,SI
nuevas tecnologías,SI
convenios,SI
cada proceso,SI
lograr,SI
ad,SI
bancario,SI
importantes mundo,SI
asegurar cumplimiento,SI
priorizar,SI
capacidad aprendizaje,SI
2010,SI
message,SI
testeo,SI
solicitud,SI
manteniendo,SI
grado,SI
comportamiento,SI
office word,SI
constantes,SI
plataformas tecnológicas,SI
carrera profesional,SI
informáticas,SI
stakeholders,SI
access,SI
experiencia analista,SI
capacidad comunicación,SI
detección,SI
documentos funcionales,SI
elaboración presentaciones,SI
deseable manejo,SI
comunicar,SI
cuenta,SI
desarrollando,SI
específicamente,SI
herramientas informáticas,SI
modelado,SI
nacional,SI
conocimiento desarrollo web,SI
propuesta,SI
office nivel,SI
distintas áreas negocio,SI
word excel,SI
avanzado macros,SI
encontramos búsqueda,SI
primer nivel,SI
sistema aplicaciones,SI
correctamente,SI
rentabilidad,SI
experiencia empresas,SI
control,SI
colabora clientes,SI
específicas,SI
inversión,SI
0,SI
requerido,SI
aplicaciones accenture,SI
versiones,SI
establecida,SI
áreas comerciales,SI
post producción,SI
informe,SI
analiza,SI
universitarios,SI
avance,SI
sistemas,SI
asumir,SI
calidad servicio,SI
datos nivel,SI
normas,SI
software gestión,SI
extranjero,SI
oracle,SI
poder,SI
presentación,SI
datos nivel intermedio,SI
fases,SI
postular,SI
ingeniero,SI
negociación,SI
evolución,SI
latinoamérica,SI
conocimientos análisis,SI
sistemas informática,SI
verificación,SI
alternativas solución,SI
senior,SI
construyen,SI
talleres,SI
software experiencia,SI
lima,SI
implementando,SI
etl,SI
dar mantenimiento,SI
conocimientos intermedios,SI
carrera ingeniería sistemas,SI
años administración,SI
meses experiencia,SI
web conocimiento,SI
compromiso,SI
computing,SI
tipos,SI
arquitecturas,SI
intermedio power,SI
negocios experiencia,SI
certificados,SI
windows server,SI
librerías,SI
programa,SI
planeamiento estratégico,SI
infraestructura,SI
java,SI
funcionalidad,SI
maven,SI
ingeniería software,SI
años liderando,SI
j2ee,SI
seguimiento módulos analista,SI
directa,SI
mínima meses,SI
orientar,SI
actualizar,SI
asigne,SI
procesos internos,SI
medida,SI
responsabilidades,SI
años área,SI
16,SI
altos,SI
jefe,SI
experiencia uso,SI
amplia investigación,SI
industrias funciones negocios,SI
departamento,SI
view,SI
experiencia previa,SI
requisitos,SI
asesorar,SI
mantenimiento preventivo,SI
adquisición,SI
conocimientos lenguajes programación,SI
gestión seguridad información,SI
automatización procesos,SI
punto,SI
implica,SI
fuerza,SI
front,SI
colaborar,SI
orden,SI
comprometida,SI
operativos windows,SI
requerimientos cara,SI
auto,SI
trabajado,SI
planificado,SI
hardware software,SI
or,SI
programación oracle,SI
resultados pruebas,SI
análisis procesos,SI
alineada,SI
recomendar,SI
registrar,SI
tecnología outsourcing,SI
análisis requerimientos,SI
analista sap,SI
cubos,SI
año,SI
ingeniería software trabajo,SI
nuevos proyectos,SI
componentes,SI
oportunidades mejora procesos,SI
soluciones tecnológicas,SI
marketing digital,SI
continua pruebas,SI
puestos,SI
parámetros,SI
cada,SI
user,SI
realizar pruebas,SI
asegurando,SI
capa,SI
analista calidad,SI
realizar funciones afines,SI
estudiantes últimos,SI
implementación productos,SI
implementación soluciones,SI
excel nivel,SI
apoyo desarrollo,SI
cierre,SI
beneficios ingreso,SI
conocimiento microsoft,SI
documentación técnica,SI
correcta,SI
implementaciones,SI
perimetral,SI
lenguajes,SI
5,SI
confiabilidad,SI
pmi,SI
mercado,SI
prospección,SI
años realizando,SI
big,SI
implement,SI
mapeo,SI
control versiones,SI
casos prueba,SI
nuevas funcionalidades,SI
requerimientos clientes,SI
entrega,SI
analista funcional,SI
financieros,SI
querys,SI
indique cv,SI
pre profesional,SI
económico,SI
todas industrias funciones,SI
oportunidades,SI
experiencia funciones,SI
cloud,SI
trabajos,SI
apoyo pases,SI
bd,SI
tableros,SI
módulos,SI
propuestas salariales,SI
software programación,SI
point,SI
asigne jefe,SI
oportunidades mejora,SI
vacaciones,SI
actas reunión,SI
ingeniero sistemas,SI
segundo,SI
generación,SI
meses,SI
egresado carrera,SI
datos clientes,SI
r2,SI
informáticos,SI
practicante profesional,SI
cliente empresa,SI
siguientes,SI
24,SI
interés formar parte,SI
continuo,SI
desviaciones,SI
designer,SI
servidor,SI
correctivo,SI
sistemas desarrollados,SI
campo,SI
logística,SI
parte firma,SI
caja,SI
soluciones ofrece,SI
2007,SI
16 países ingreso,SI
módulos sap,SI
enterprise,SI
asistente sistemas,SI
cotizaciones,SI
evitar,SI
modelamiento,SI
disponibilidad inmediata,SI
partir,SI
nivel comunicación,SI
solución problemas,SI
area,SI
manual,SI
interna externa,SI
ingresar,SI
constante,SI
largo plazo,SI
analizar requerimientos,SI
nivel mundial industria,SI
utilizan,SI
manager aspectos técnicos,SI
desplegar,SI
analysis,SI
pudieran,SI
carreras ingeniería,SI
powerpoint,SI
regionales,SI
posible,SI
trabajo bajo presión,SI
sábados,SI
diagnosticar,SI
ejecución pruebas,SI
áreas usuarias,SI
asegurar,SI
conocimiento sql,SI
ip,SI
modelo,SI
negocio específicamente consultoría,SI
aprobar,SI
sectores,SI
disposición,SI
fomentar,SI
server experiencia,SI
vida desarrollo,SI
tarjeta,SI
rrhh,SI
escenarios,SI
word avanzado,SI
oferta,SI
clases,SI
integraciones,SI
accesos,SI
trabajar forma,SI
apoya,SI
migración,SI
apoyo pases producción,SI
desarrollo nuevos,SI
aplicar,SI
arquitecto,SI
proactivo,SI
línea carrera ser,SI
fin asegurar,SI
ingenieros,SI
outsourcing así,SI
actas,SI
organizacional,SI
finanzas,SI
funcionales técnicos,SI
recursos asignados,SI
toma decisiones,SI
intermedio conocimientos,SI
instalar,SI
nuevos desarrollos,SI
tres,SI
obligatorio,SI
desk,SI
definidas,SI
procedimiento,SI
generando,SI
sox,SI
software analista,SI
constante líneas productos,SI
conocimientos nivel,SI
realizar programación,SI
carga,SI
construyen carrera distintas,SI
construir,SI
metodología,SI
calidad datos,SI
programación aplicaciones,SI
software trabajo,SI
implementadas,SI
normativos,SI
experiencia implementación,SI
industria servicios financieros,SI
principios,SI
productos servicios,SI
renovación,SI
principales funciones,SI
distintos,SI
investigación respecto,SI
profesionales,SI
evaluaciones,SI
2000,SI
business,SI
informes gestión,SI
principal,SI
equipos trabajo,SI
prioridades,SI
ciclos carrera,SI
acuerdo requerimientos,SI
expedientes,SI
análisis diseño,SI
encargo,SI
exámenes,SI
equipo desarrollo,SI
orientación cliente,SI
pl sql,SI
cultura,SI
empresas alto,SI
ayuden,SI
portal,SI
servicios analizar,SI
creación,SI
públicas privadas,SI
buscamos,SI
dar seguimiento,SI
ley,SI
bcp,SI
económica,SI
rational,SI
unitarias,SI
manejo ms,SI
rup,SI
patrones diseño,SI
acl,SI
elaboración propuestas,SI
áreas internas,SI
posibles,SI
vinculados,SI
empresariales,SI
miembros equipo,SI
architecture,SI
team,SI
transferencia,SI
bus,SI
implantación,SI
aplicaciones móviles,SI
recomendaciones,SI
online,SI
aplicaciones experiencia,SI
primera,SI
planificar,SI
área practicante,SI
usuarios sistemas,SI
comprometida trabajo,SI
base datos nivel,SI
vmware,SI
creatividad,SI
word,SI
estructuras,SI
desarrollo web,SI
microsoft sql,SI
blueprint,SI
deseo,SI
bases,SI
sector,SI
productividad,SI
relacionadas,SI
buena comunicación,SI
países trabajar,SI
wordpress,SI
colabora,SI
documentación funcional,SI
medio ambiente,SI
mejora procesos,SI
implementación reportar,SI
industrias funciones,SI
brindar soporte técnico,SI
técnica realizar programación,SI
relacionales,SI
ofertas,SI
pruebas funcionales,SI
desarrollador aplicaciones,SI
validaciones,SI
comunicación efectiva,SI
net mínimo,SI
realizar pruebas unitarias,SI
instalación,SI
gobierno,SI
implementados,SI
determinar,SI
básicos,SI
tablas,SI
corporativos,SI
requisitos experiencia,SI
trabajar clientes,SI
avanzado base datos,SI
habilidades,SI
experiencia rubro,SI
información analista,SI
mayores desafíos mejores,SI
call,SI
proactividad,SI
back,SI
conocimiento plataformas,SI
ingreso,SI
soportan,SI
personales,SI
laboral interés formar,SI
elaborar reportes,SI
demostrada,SI
personal,SI
3,SI
aplicaciones desarrolladas,SI
sumarte organización ofrece,SI
mínima 02,SI
implementación sistemas,SI
in the,SI
alineados,SI
oportunidad desarrollo,SI
encuestas,SI
haciendo,SI
2005 oracle,SI
organización métodos,SI
toma,SI
gestor,SI
norma,SI
rubro banco,SI
considerando,SI
conocimientos base datos,SI
mantener varios componentes,SI
producción,SI
mundo,SI
explotación,SI
sistemas seguridad,SI
reportes análisis,SI
ser,SI
locales,SI
herramientas programación,SI
recopilar,SI
analyst,SI
microsoft,SI
orientada,SI
auditoría interna,SI
cómo,SI
central telefónica,SI
mes,SI
escritorio,SI
aseguramiento,SI
mejora,SI
contables,SI
planificación,SI
mantener actualizado,SI
software,SI
sociales,SI
requerimientos programación,SI
conocimientos,SI
4,SI
arquitectura sistemas,SI
desarrollo software,SI
diplomado,SI
interacción,SI
funciones afines complementarias,SI
proyectos servicios,SI
power builder,SI
pre venta,SI
políticas,SI
informar,SI
análisis síntesis,SI
medir,SI
mejores,SI
level,SI
sistemas empresa,SI
dentro funciones corporativas,SI
exchange,SI
bancos,SI
selenium,SI
minería,SI
server deseable,SI
técnica realizar,SI
aseguramiento calidad,SI
programador conocimientos,SI
scripts,SI
modelar,SI
interior,SI
programación requerida,SI
proveedores,SI
01 año,SI
informatica,SI
base datos mysql,SI
desarrollo proyectos,SI
trainee,SI
implementación sap,SI
asterisk,SI
capacitación constante líneas,SI
sql excel,SI
condiciones,SI
trabajar bajo,SI
programadas,SI
gráfico,SI
mercado laboral,SI
cabo buena,SI
mesa,SI
estándares desarrollo,SI
fin,SI
proyectos web,SI
diseño nuevos,SI
nivel mundial,SI
avances,SI
recursos,SI
formar parte,SI
proyectos implementación sap,SI
valor agregado,SI
profesional,SI
constantemente,SI
vida prestación,SI
actualizaciones,SI
materiales,SI
proyecto realizar,SI
página,SI
innovación,SI
dominio,SI
cabo,SI
programación apoyo,SI
estándares establecidos,SI
transnacional grupo,SI
alta,SI
atenciones,SI
franco crecimiento soluciones,SI
alimentación,SI
arquitectura,SI
técnicos proyecto,SI
conocimientos específicos,SI
procedimientos,SI
documento,SI
además,SI
operador,SI
tiempos,SI
nivel técnico,SI
semanal,SI
systems,SI
aprender,SI
postgres,SI
procedimientos seguridad,SI
análisis requerimientos funcionales,SI
especializados,SI
incrementar,SI
gestión equipos,SI
ventas,SI
elementos,SI
brindar soporte,SI
interesados,SI
patrones,SI
apoyar,SI
auditoría,SI
proyectos relacionados,SI
conocimiento sap,SI
visual,SI
calidad documentación,SI
gestión,SI
realizar funciones,SI
liderando,SI
time,SI
incorporar,SI
pl,SI
productos soluciones ofrece,SI
crédito,SI
orientación,SI
plan anual,SI
software engineer,SI
internas externas,SI
debe,SI
cliente,SI
sugerir,SI
necesarias,SI
